id,firstName,lastName
1,Nike,Seavers
2,Eolanda,Benz
3,Geno,Hecks
4,Thaxter,Gostick
5,Constanta,Makiver
6,Mariette,Mapp
7,Juliette,Rudram
8,Jacqui,Mallaby
9,Ari,McCart
10,Chad,Pell
11,Ingunna,Lacroutz
12,Rheta,Charle
13,Fabien,Smellie
14,Eryn,Laslett
15,Cathy,Fillan
16,Willette,Bortol
17,Trudy,Serridge
18,Erina,Kitchinham
19,Natty,Crosscombe
20,Merl,Lyddy
21,Gilberta,Gittings
22,Tallia,Prantoni
23,Ronny,Brimley
24,Katharyn,Boddie
25,Con,De La Hay
26,Maurine,Gori
27,Dian,Seine
28,Daphne,Markos
29,Kellyann,Brixey
30,Lora,Cashman
31,Willette,Foyster
32,Harris,Lindley
33,Karlotte,Fortnum
34,Druci,McCaskill
35,Angie,Langmuir
36,Marcello,Clampe
37,Vin,Brimmicombe
38,Nanice,Gogin
39,Ad,Surfleet
40,Robers,Mew
41,Gwenore,Spofforth
42,Marthena,Stallen
43,Becca,Poyle
44,Demott,Gilston
45,Arin,Smythe
46,Udale,Secretan
47,Friedrick,Westell
48,Roderic,Farress
49,Barnard,Cyseley
50,Sherm,Maunsell
51,Josiah,Gerb
52,Mariele,Corbert
53,Padraig,Fassmann
54,Kirk,Drain
55,Nell,Ivanshintsev
56,Bat,Laven
57,Luciana,Schulken
58,Daphene,Domeney
59,Antoinette,Klesel
60,Saul,Rockwill
61,Carmelina,Cusiter
62,Ring,Esselin
63,Henderson,Rosenblatt
64,Kenny,Dewane
65,Udale,Gapper
66,Mignonne,Matteris
67,Victor,Voase
68,Marieann,Barrowcliffe
69,Constantine,Columbell
70,Celia,Dat
71,Prisca,Cauldfield
72,Juli,Swaddle
73,Camile,Trapp
74,Sigismondo,Issacov
75,Barri,Degg
76,Pippy,MacDirmid
77,Othelia,Spelling
78,Kristien,Moline
79,Alvie,Heggie
80,Felice,Mueller
81,Ulrich,Lapides
82,Ashil,Ashwin
83,Allister,Ebenezer
84,Gare,Byram
85,Sena,Tew
86,Freeman,Awdry
87,Lockwood,Scurman
88,Carry,Bourdice
89,Holt,Beavon
90,Linda,Gatman
91,Mendie,Loosley
92,Gearalt,Furminger
93,Zachary,Copas
94,Elena,Britch
95,Rosana,Mabbs
96,Letti,Engall
97,Caresa,Irving
98,Filippo,Joannic
99,Portie,Spragg
100,Billye,Buttrick
